﻿<?xml version="1.0" encoding="UTF-8" standalone="yes"?>
<addon id="repository.lukin.cn" name="Lukin Add-on Repository" version="1.0.1" provider-name="Lukin">
	<extension point="xbmc.addon.repository" name="Lukin Add-on Repository">
		<info compressed="false">http://github.com/mylukin/XBMC/raw/master/repository/addons.xml</info>
		<datadir zip="true">http://github.com/mylukin/XBMC/raw/master/repository/</datadir>
	</extension>
	<extension point="xbmc.addon.metadata">
		<summary>Install Add-ons from Lukin Add-on Repository</summary>
		<summary lang="zh">从Lukin Add-on Repository安装扩展功能</summary>
		<description>Download and install add-ons from Lukin Addon Repository.</description>
		<description lang="zh">从Lukin Add-on Repository安装扩展功能</description>
		<disclaimer>Install Add-ons from Lukin Add-on Repository</disclaimer>
		<disclaimer lang="zh">从Lukin Add-on Repository安装扩展功能</disclaimer>
		<platform>all</platform>
	</extension>
</addon>

